"92.10 Gemeentecode","92.11 Omschrijving","92.12 Nieuwe code","99.98 Datum ingang","99.99 Datum einde"
"1680","Aa en Hunze","","19980101","",""
"1000","Aagtekerke","0686","","19660701",""
"0738","Aalburg","","","",""
"0358","Aalsmeer","","","",""
"1001","Aalst","0866","","19230101",""
"0197","Aalten","","","",""
"0648","Aardenburg","1698","","19950101",""
"1002","Aarlanderveen","0484","","19180101",""
"0739","Aarle-Rixtel","1659","","19970101",""
"0359","Abbekerk","0529","","19790101",""
"0481","Abbenbroek","0568","","19800101",""
"0305","Abcoude","0736","19410501","20110101",""
"1003","Abcoude-Baambrugge","0305","","19410501",""
"1004","Abcoude-Proostdij","0305","","19410501",""
"1301","Abtsregt","1215","","18550901",""
"1302","Achthoven","0328","","18570908",""
"0059","Achtkarspelen","","","",""
"1005","Achttienhoven","1224","","19540101",""
"1303","Achttienhoven (bij Nieuwkoop)","0569","","18550901",""
"1304","Ackersdijk en Vrouwenregt","1215","","18550901",""
"0001","Adorp","0053","","19900101",""
"0002","Aduard","0056","","19900101",""
"1006","Aengwirden","0074","","19340701",""
"0360","Akersloot","0383","","20020101",""
"0482","Alblasserdam","","","",""
"0613","Albrandswaard","","19850101","",""
"0477","Albrandswaard (oud)","0592","","18410901",""
"1007","Alem, Maren en Kessel","0808","","19580101",""
"0483","Alkemade","1884","","20090101",""
"0361","Alkmaar","","","",""
"0141","Almelo","","19130101","",""
"0034","Almere","","19840101","",""
"0740","Almkerk","0874","","19730101",""
"1008","Alphen","0484","","19180101",""
"0484","Alphen aan den Rijn","","19180101","",""
"0741","Alphen en Riel","1723","","19970101",""
"1723","Alphen-Chaam","","19970101","",""
"0142","Ambt Delden","1735","","20010101",""
"1679","Ambt Montfort","1669","19940201","20070101",""
"1009","Ambt-Almelo","0141","","19140101",""
"1010","Ambt-Doetinchem","0222","","19200101",""
"1011","Ambt-Hardenberg","0160","","19410501",""
"1012","Ambt-Ommen","0175","","19230501",""
"1013","Ambt-Vollenhove","0185","","19420201",""
"0883","Amby","0935","","19700701",""
"0485","Ameide","0707","","19860101",""
"0060","Ameland","","","",""
"0306","Amerongen","1581","","20060101",""
"0307","Amersfoort","","","",""
"0486","Ammerstol","0491","","19850101",""
"0198","Ammerzoden","0263","","19990101",""
"0362","Amstelveen","","19640101","",""
"0884","Amstenrade","0962","","19820101",""
"0363","Amsterdam","","","",""
"0742","Andel","0874","","19730101",""
"0364","Andijk","0420","","20110101",""
"0199","Angerlo","0299","","20050101",""
"1014","Ankeveen","0390","","19660801",""
"0105","Anloo","1680","","19980101",""
"0366","Anna Paulowna","1911","18700718","20120101",""
"0200","Apeldoorn","","","",""
"0201","Appeltern","0290","","19840101",""
"0003","Appingedam","","","",""
"0885","Arcen en Velden","0983","","20100101",""
"0487","Arkel","0689","","19860101",""
"0649","Arnemuiden","0687","","19970101",""
"0202","Arnhem","","","",""
"0488","Asperen","0287","","19860101",""
"0106","Assen","","","",""
"0367","Assendelft","0479","","19740101",""
"0743","Asten","","","",""
"0368","Avenhorn","0558","","19790101",""
"0143","Avereest","0160","","20010101",""
"0650","Axel","0715","","20030101",""
"0061","Baarderadeel","0103","","19840101",""
"1015","Baardwijk","0867","","19220101",""
"0651","Baarland","0654","","19700101",""
"0744","Baarle-Nassau","","","",""
"0308","Baarn","","","",""
"0886","Baexem","0920","","19910101",""
"0004","Baflo","0053","","19900101",""
"0745","Bakel en Milheeze","1652","","19970101",""
"1016","Balgoij","0271","","19230501",""
"1246","Bangert","0498","19790101","19800101",""
"0489","Barendrecht","","18860101","",""
"0203","Barneveld","","","",""
"0062","Barradeel","0070","","19840101",""
"0369","Barsingerhorn","0412","","19900101",""
"1017","Barwoutswaarder","0632","","19640201",""
"0204","Batenburg","0296","","19840101",""
"1018","Bath","0702","","18780101",""
"0144","Bathmen","0150","","20050101",""
"0005","Bedum","","","",""
"0887","Beegden","1937","","19910101",""
"0888","Beek","","","",""
"1247","Beek (NB)","0832","19420101","19510101",""
"0746","Beek en Donk","1659","","19970101",""
"0370","Beemster","","","",""
"0747","Beers","1684","","19940101",""
"0006","Beerta","1661","","19910701",""
"0205","Beesd","0236","","19780101",""
"0889","Beesel","","","",""
"0371","Beets","0478","","19700801",""
"0107","Beilen","1697","","19980101",""
"0890","Belfeld","0983","","20010101",""
"0007","Bellingwedde","","19680101","",""
"1019","Bellingwolde","0007","","19680901",""
"0891","Bemelen","0936","","19820101",""
"0206","Bemmel","1705","","20030101",""
"0372","Bennebroek","0377","","20090101",""
"0309","Benschop","0331","","19890101",""
"1305","Benthorn","0490","","18460101",""
"0490","Benthuizen","0646","","19910101",""
"1945","Berg en Dal","","20160101","",""
"0892","Berg en Terblijt","0994","","19820101",""
"0491","Bergambacht","1931","","20150101",""
"1724","Bergeijk","","19990101","",""
"0893","Bergen (L)","","","",""
"0373","Bergen (NH)","","","",""
"0748","Bergen op Zoom","","","",""
"0749","Bergeyk","1724","","19990101",""
"0207","Bergh","1955","","20050101",""
"0208","Bergharen","0296","","19840101",""
"0750","Berghem","0828","","19940101",""
"0492","Bergschenhoek","1621","","20070101",""
"0493","Berkel en Rodenrijs","1621","","20070101",""
"0751","Berkel-Enschot","0855","","19970101",""
"1859","Berkelland","","20050101","",""
"1306","Berkenrode","0397","","18580101",""
"0494","Berkenwoude","0491","","19850101",""
"0374","Berkhout","0558","","19790101",""
"0752","Berlicum","0845","","19960101",""
"1721","Bernheze","","19950128","",""
"0568","Bernisse","1930","19800101","20150101",""
"1020","Besoijen","0867","","19290101",""
"0753","Best","","","",""
"1021","Beugen en Rijkevoort","0756","","19420501",""
"0209","Beuningen","","","",""
"0210","Beusichem","0214","","19780101",""
"0375","Beverwijk","","","",""
"1307","Biert","0509","","18550901",""
"0008","Bierum","0010","","19900101",""
"0652","Biervliet","0715","","19700401",""
"1308","Biesland","1215","","18330101",""
"1022","Biggekerke","0720","","19660701",""
"1309","Bijlmermeer","1221","","18460101",""
"0894","Bingelrade","0963","","19820101",""
"0585","Binnenmaas","","19840101","",""
"1728","Bladel","","19970101","",""
"0754","Bladel en Netersel","1728","","19970101",""
"0145","Blankenham","0195","","19730101",""
"0376","Blaricum","","","",""
"0495","Bleiswijk","1621","","20070101",""
"1262","Bleskensgraaf","0496","","18550901",""
"0496","Bleskensgraaf en Hofwegen","0693","","19860101",""
"0377","Bloemendaal","","","",""
"0378","Blokker","0405","","19790101",""
"0146","Blokzijl","0194","","19730101",""
"0055","Boarnsterhim","0080","19850103","20140101",""
"0895","Bocholtz","0965","","19820101",""
"0497","Bodegraven","1901","","20110101",""
"1901","Bodegraven-Reeuwijk","","20110101","",""
"0755","Boekel","","","",""
"1023","Bokhoven","0774","","19220101",""
"0064","Bolsward","1900","","20110101",""
"1025","Bommenede","1236","","18650101",""
"0057","Boornsterhem","0055","19840101","19850103",""
"0211","Borculo","1859","","20050101",""
"0108","Borger","1681","","19980101",""
"1681","Borger-Odoorn","","19980101","",""
"0896","Borgharen","0935","","19700701",""
"1026","Borkel en Schaft","0858","","19340501",""
"0897","Born","1883","","20010101",""
"0147","Borne","","","",""
"0654","Borsele","","19700101","",""
"1254","Borssele","0654","","19700101",""
"1027","Boschkapelle","0719","","19360701",""
"0499","Boskoop","0484","","20140101",""
"0379","Bovenkarspel","0532","","19790101",""
"0756","Boxmeer","","","",""
"0757","Boxtel","","","",""
"0212","Brakel","0297","","19990101",""
"0500","Brandwijk","0693","","19860101",""
"0758","Breda","","","",""
"0194","Brederwiede","0181","19730101","20010101",""
"0655","Breskens","0692","","19700401",""
"0311","Breukelen","1904","19490101","20110101",""
"1028","Breukelen-Nijenrode","0311","","19490101",""
"1029","Breukelen-Sint Pieters","0311","","19490101",""
"0501","Brielle","","","",""
"1030","Broek","0627","","18700701",""
"0380","Broek in Waterland","0852","","19910101",""
"1031","Broek op Langendijk","0416","","19410801",""
"0898","Broekhuizen","1507","","20010101",""
"1032","Broeksittard","0968","","19421001",""
"1876","Bronckhorst","","20050101","",""
"0656","Brouwershaven","1676","","19970101",""
"0657","Bruinisse","1676","","19970101",""
"0213","Brummen","","","",""
"0899","Brunssum","","","",""
"0759","Budel","1706","","19980128",""
"1033","Buggenum","0914","","19421001",""
"1034","Buiksloot","0363","","19210101",""
"0998","Buitenland (Niet GBA)","","","19901001",""
"0900","Bunde","0938","","19820101",""
"0312","Bunnik","","","",""
"0313","Bunschoten","","","",""
"0214","Buren","","","",""
"1035","Burgh","0725","","19610101",""
"0381","Bussum","1942","","20160101",""
"0215","Buurmalsen","0236","","19780101",""
"1310","Cabauw","1226","","18570908",""
"0901","Cadier en Keer","0936","","19820101",""
"0658","Cadzand","0692","","19700401",""
"0382","Callantsoog","0476","","19900101",""
"1036","Capelle","0849","","19230101",""
"0502","Capelle aan den IJssel","","","",""
"0383","Castricum","","","",""
"0997","Centraal Persoonsregister (Niet GBA)","","","19901001",""
"0760","Chaam","1723","","19970101",""
"1037","Charlois","0599","","18950228",""
"1311","Cillaarshoek","0554","","18320101",""
"0659","Clinge","0677","","19700401",""
"0109","Coevorden","","","",""
"1038","Colijnsplaat","0682","","19410401",""
"0314","Cothen","0352","","19960101",""
"1706","Cranendonck","","19980128","",""
"0611","Cromstrijen","","19840101","",""
"1039","Cromvoirt","0865","","19330101",""
"1684","Cuijk","","19940101","",""
"0761","Cuijk en Sint Agatha","1684","","19940101",""
"0216","Culemborg","","","",""
"0110","Dalen","0109","","19980101",""
"0148","Dalfsen","","","",""
"0065","Dantumadeel","1891","","20090101",""
"1891","Dantumadiel","","20090101","",""
"1312","Darthuizen","0326","","18570908",""
"0310","De Bilt","","","",""
"1921","De Friese Meren","1940","20140101","20150701",""
"1940","De Fryske Marren","","20150701","",""
"0552","De Lier","1783","","20040101",""
"1663","De Marne","","19920101","",""
"1345","De Mijl","0507","","18570131",""
"1404","de Noordoostelijke Polder","0171","","19620701",""
"0440","De Rijp","0365","","19700801",""
"0736","De Ronde Venen","","19890101","",""
"1385","De Vennip","0534","","18550815",""
"1392","de Vuursche","0308","","18571201",""
"1222","de Werken en Sleeuwijk","0870","","19501001",""
"0135","de Wijk","1690","","19980101",""
"1690","De Wolden","","19980101","",""
"0217","Deil","0236","","19780101",""
"1040","Delfshaven","0599","","18860114",""
"0503","Delft","","","",""
"0010","Delfzijl","","","",""
"1024","Den Bommel","0580","","19660101",""
"0768","Den Dungen","0845","","19960101",""
"0159","Den Ham","0186","","20010101",""
"0400","Den Helder","","","",""
"0149","Denekamp","1774","","20020601",""
"0762","Deurne","","19260101","",""
"1041","Deurne en Liessel","0762","","19260101",""
"1042","Deursen en Dennenburg","0835","","19230501",""
"0150","Deventer","","","",""
"0218","Didam","1955","","20050101",""
"1043","Dieden, Demen en Langel","0835","","19230501",""
"0384","Diemen","","","",""
"0151","Diepenheim","1735","","20010101",""
"0152","Diepenveen","0150","","19990101",""
"0763","Diessen","0798","","19970101",""
"0111","Diever","1701","","19980101",""
"1774","Dinkelland","","20020601","",""
"0764","Dinteloord en Prinsenland","0851","","19970101",""
"1044","Dinther","0792","","19690101",""
"0219","Dinxperlo","0197","","20050101",""
"0504","Dirksland","1924","","20130101",""
"0220","Dodewaard","0258","","20020101",""
"0221","Doesburg","","","",""
"0222","Doetinchem","","19200101","",""
"0066","Dokkum","0058","","19840101",""
"0660","Domburg","0717","","19970101",""
"1045","Dommelen","0858","","19340501",""
"0766","Dongen","","","",""
"0058","Dongeradeel","","19840101","",""
"0067","Doniawerstal","0139","","19840101",""
"0315","Doorn","1581","","20060101",""
"0223","Doornspijk","0230","","19740801",""
"1046","Doorwerth","0274","","19230501",""
"0505","Dordrecht","","","",""
"1313","Dorth","0239","","18310701",""
"0498","Drechterland","","19800101","",""
"1047","Dreischor","0656","","19610101",""
"0224","Dreumel","0290","","19840101",""
"1048","Driebergen","0316","","19310501",""
"0316","Driebergen-Rijsenburg","1581","19310501","20060101",""
"0506","Driebruggen","0595","19640201","19890101",""
"1248","Driel","0263","","19440801",""
"0661","Driewegen","0654","","19700101",""
"1719","Drimmelen","","19980425","",""
"1049","Drongelen","0771","","19230501",""
"1263","Drongelen, Hangoort,Gansoyen en Doeveren","1049","","19080801",""
"0303","Dronten","","19720101","",""
"0767","Drunen","0797","","19970101",""
"0225","Druten","","","",""
"0507","Dubbeldam","0505","","19700701",""
"1314","Duist","0320","","18570908",""
"0662","Duiveland","1676","19610101","19970101",""
"0226","Duiven","","","",""
"1050","Duivendijke","0688","","19610101",""
"1051","Duizel en Steensel","0770","","19230101",""
"0769","Dussen","0870","","19970101",""
"1264","Dussen, Munster en Muilkerk","0769","","19080801",""
"0112","Dwingeloo","1701","","19980101",""
"0902","Echt","1711","","20030101",""
"0227","Echteld","0258","","20020101",""
"1711","Echt-Susteren","","20030101","",""
"1315","Edam","0385","","19750101",""
"0385","Edam-Volendam","","19750101","",""
"0228","Ede","","","",""
"1052","Eede","0648","","19410401",""
"0113","Eelde","0136","","19980101",""
"0317","Eemnes","","","",""
"1651","Eemsmond","","19920101","",""
"0011","Eenrum","0045","","19900101",""
"0770","Eersel","","","",""
"0771","Eethen","0738","19230501","19730101",""
"1255","Eethen, Genderen en Heesbeen","1060","","19080801",""
"0357","Egmond","0373","19780701","20010101",""
"0386","Egmond aan Zee","0357","","19780701",""
"0387","Egmond-Binnen","0357","","19780701",""
"0229","Eibergen","1859","","20050101",""
"0905","Eijsden","1903","","20110101",""
"1903","Eijsden-Margraten","","20110101","",""
"0772","Eindhoven","","","",""
"0230","Elburg","","","",""
"1053","Elkerzee","0688","","19610101",""
"1054","Ellemeet","0688","","19610101",""
"0663","Ellewoutsdijk","0654","","19700101",""
"0903","Elsloo","0971","","19820101",""
"0231","Elst","1734","","20010101",""
"1055","Elten","","19490423","19630801",""
"0114","Emmen","","","",""
"1056","Emmikhoven en Waardhuizen","0740","","18790715",""
"0773","Empel en Meerwijk","0796","","19710401",""
"0774","Engelen","0796","","19710401",""
"0388","Enkhuizen","","","",""
"0153","Enschede","","","",""
"0232","Epe","","","",""
"0233","Ermelo","","","",""
"0775","Erp","0860","","19940101",""
"0776","Esch","0788","","19960101",""
"1057","Escharen","0786","","19420701",""
"0234","Est en Opijnen","0304","","19780101",""
"1316","Etersheim","0430","","18480101",""
"1251","Etten en Leur","0777","","19680101",""
"0777","Etten-Leur","","19680101","",""
"0508","Everdingen","0620","","19860101",""
"0235","Ewijk","0209","","19800701",""
"0904","Eygelshoven","0928","","19820101",""
"0012","Ezinge","0053","","19900101",""
"0068","Ferwerderadeel","1722","","19990101",""
"1722","Ferwerderadiel","","19990101","",""
"0778","Fijnaart en Heijningen","0878","","19970101",""
"0013","Finsterwolde","0006","","19900101",""
"0069","Franeker","0070","","19840101",""
"0070","Franekeradeel","","","",""
"0071","Gaasterland","0653","","19850605",""
"0653","Gaasterlân-Sleat","1921","19850605","20140101",""
"1058","Gameren","0257","","19550701",""
"1317","Gapinge","1214","","18571002",""
"1059","Gassel","0747","","19420801",""
"0115","Gasselte","1680","","19980101",""
"0779","Geertruidenberg","","","",""
"0509","Geervliet","0568","","19800101",""
"0780","Geffen","1671","","19930101",""
"0236","Geldermalsen","","","",""
"0781","Geldrop","1771","","20040101",""
"1771","Geldrop-Mierlo","","20040101","",""
"0906","Geleen","1883","","20010101",""
"0782","Gemert","1652","","19970101",""
"1652","Gemert-Bakel","","19970101","",""
"1060","Genderen","0771","19080801","19230501",""
"0237","Gendringen","1509","","20050101",""
"0238","Gendt","0206","","20010101",""
"0154","Genemuiden","1896","","20010101",""
"0907","Gennep","","","",""
"1318","Gerverscop","0318","","18570908",""
"1061","Gestel en Blaarthem","0772","","19200101",""
"0908","Geulle","0938","","19820101",""
"0783","Giessen","0874","","19730101",""
"0510","Giessenburg","0689","19570101","19860101",""
"1063","Giessendam","0523","","19570101",""
"0689","Giessenlanden","","19860101","",""
"1062","Giessen-Nieuwkerk","0510","","19570101",""
"0116","Gieten","1680","","19980101",""
"0155","Giethoorn","0194","","19730101",""
"0784","Gilze en Rijen","","","",""
"1064","Ginneken en Bavel","0817","","19420101",""
"0511","Goedereede","1924","","20130101",""
"1924","Goeree-Overflakkee","","20130101","",""
"0664","Goes","","","",""
"1319","Goidschalxoord","0528","","18550901",""
"0785","Goirle","","","",""
"1942","Gooise Meren","","20160101","",""
"0156","Goor","1735","","20010101",""
"0512","Gorinchem","","","",""
"0239","Gorssel","0262","","20050101",""
"0513","Gouda","","","",""
"0514","Gouderak","0644","","19850101",""
"0515","Goudriaan","0693","","19860101",""
"0516","Goudswaard","0588","","19840101",""
"0693","Graafstroom","1927","19860101","20130101",""
"0665","Graauw en Langendam","0677","","19700401",""
"1065","Grafhorst","0191","","19370101",""
"0389","Graft","0365","","19700801",""
"0365","Graft-De Rijp","0361","19700801","20150101",""
"0157","Gramsbergen","0160","","20010101",""
"0909","Grathem","0920","","19910101",""
"0786","Grave","","","",""
"0910","Grevenbicht","0897","","19820101",""
"0016","Grijpskerk","0056","","19900101",""
"1067","Grijpskerke","0686","","19660701",""
"0667","Groede","0692","","19700401",""
"1322","Groeneveld","1082","","18550901",""
"0240","Groenlo","1586","","20060519",""
"0241","Groesbeek","1945","","20160101",""
"1323","Groet","0444","","18340101",""
"0014","Groningen","","","",""
"0911","Gronsveld","0905","","19820101",""
"0520","Groot-Ammers","0694","","19860101",""
"1066","Groote Lindt","0642","","18810906",""
"0391","Grootebroek","0532","","19790101",""
"0015","Grootegast","","","",""
"1324","Grosthuizen","0368","","18540531",""
"0912","Grubbenvorst","1507","","20010101",""
"0913","Gulpen","1729","","19990101",""
"1729","Gulpen-Wittem","","19990101","",""
"0242","Haaften","0304","","19780101",""
"0158","Haaksbergen","","","",""
"1068","Haamstede","0725","","19610101",""
"0788","Haaren","","","",""
"0392","Haarlem","","","",""
"1325","Haarlemmerliede","0393","","18570908",""
"0393","Haarlemmerliede en Spaarnwoude","","18570101","",""
"0394","Haarlemmermeer","","18550101","",""
"1069","Haarzuilens","0347","","19540101",""
"0521","Haastrecht","0623","","19850101",""
"0914","Haelen","1640","","20070101",""
"0522","Hagestein","0620","","19860101",""
"1655","Halderberge","","19970101","",""
"0789","Halsteren","0748","","19970101",""
"0790","Haps","1684","","19940101",""
"0160","Hardenberg","","19410501","",""
"0243","Harderwijk","","","",""
"1070","Hardinxveld","0523","","19570101",""
"0523","Hardinxveld-Giessendam","","19570101","",""
"0017","Haren","","","",""
"0395","Harenkarspel","0441","","20130101",""
"0072","Harlingen","","","",""
"0318","Harmelen","0632","","20010101",""
"0073","Haskerland","0139","","19840101",""
"0161","Hasselt","1896","","20010101",""
"0244","Hattem","","","",""
"0117","Havelte","1701","","19980101",""
"0524","Hazerswoude","0646","","19910101",""
"0245","Hedel","0263","","19990101",""
"1071","Hedikhuizen","0797","","19350501",""
"1937","Heel","1641","19910101","20070101",""
"0915","Heel en Panheel","1937","","19910101",""
"0396","Heemskerk","","","",""
"0397","Heemstede","","","",""
"0525","Heenvliet","0568","","19800101",""
"0916","Heer","0935","","19700701",""
"1327","Heer Oudelands Ambacht","1066","","18570819",""
"0246","Heerde","","","",""
"0074","Heerenveen","","19340701","",""
"0247","Heerewaarden","0263","","19990101",""
"0398","Heerhugowaard","","","",""
"0526","Heerjansdam","0642","","20030101",""
"0917","Heerlen","","","",""
"0791","Heesch","1721","","19950128",""
"1072","Heeswijk","0792","","19690101",""
"0792","Heeswijk-Dinther","0791","19690101","19940101",""
"0793","Heeze","1658","","19970101",""
"1658","Heeze-Leende","","19970101","",""
"0019","Hefshuizen","1651","19790101","19920101",""
"0527","Hei- en Boeicop","0707","","19860101",""
"1073","Heille","0713","","18800423",""
"0399","Heiloo","","","",""
"0528","Heinenoord","0585","","19840101",""
"0672","Heinkenszand","0654","","19700101",""
"0162","Heino","0177","","20010101",""
"1074","Hekelingen","0612","","19660501",""
"1075","Hekendorp","0506","","19640201",""
"0918","Helden","1894","","20100101",""
"0163","Hellendoorn","","","",""
"0530","Hellevoetsluis","","","",""
"0794","Helmond","","","",""
"0795","Helvoirt","0788","","19960101",""
"0075","Hemelumer Oldeferd","0104","19560101","19840101",""
"1260","Hemelumer Oldephaert en Noordwolde","0075","","19560101",""
"1076","Hemmen","0283","","19550701",""
"0531","Hendrik-Ido-Ambacht","","","",""
"0248","Hengelo (Gld)","1876","","20050101",""
"0164","Hengelo (O)","","","",""
"1077","Hengstdijk","0719","","19360701",""
"0076","Hennaarderadeel","0103","","19840101",""
"0401","Hensbroek","0429","","19790101",""
"1078","Herkingen","0504","","19660101",""
"1079","Herpen","0835","","19410401",""
"1080","Herpt","0797","","19350501",""
"0919","Herten","0957","","19910101",""
"0249","Herwen en Aerdt","0196","","19850101",""
"0250","Herwijnen","0287","","19860101",""
"0063","het Bildt","","","",""
"0251","Heteren","1734","","20010101",""
"0533","Heukelum","0287","","19860101",""
"0252","Heumen","","","",""
"0797","Heusden","","","",""
"0920","Heythuysen","1640","","20070101",""
"1081","Hillegersberg","0599","","19410801",""
"0534","Hillegom","","","",""
"0798","Hilvarenbeek","","","",""
"0402","Hilversum","","","",""
"0077","Hindeloopen","0104","","19840101",""
"1328","Hodenpijl","0607","","18550901",""
"0673","Hoedekenskerke","0654","","19700101",""
"0674","Hoek","0715","","19700401",""
"0319","Hoenkoop","0589","","19700901",""
"0921","Hoensbroek","0917","","19820101",""
"0253","Hoevelaken","0267","","20000101",""
"0799","Hoeven","1655","","19970101",""
"1082","Hof van Delft","0503","","19210101",""
"1735","Hof van Twente","","20010101","",""
"1329","Hofwegen","0496","","18550901",""
"1911","Hollands Kroon","","20120101","",""
"0165","Holten","0178","","20010101",""
"0675","Hontenisse","0677","","20030101",""
"0676","Hoofdplaat","0692","","19700401",""
"1330","Hoog en Woud Harnasch","1082","","18330101",""
"0535","Hoogblokland","0689","","19860101",""
"0801","Hooge en Lage Mierde","1667","","19970101",""
"0802","Hooge en Lage Zwaluwe","1665","","19970101",""
"0800","Hoogeloon, Hapert en Casteren","1728","","19970101",""
"0118","Hoogeveen","","","",""
"1331","Hoogeveen in Delfland","0577","","18320101",""
"1332","Hoogeveen in Rijnland","0490","","18550901",""
"1083","Hoogezand","0018","","19490401",""
"0018","Hoogezand-Sappemeer","","19490401","",""
"0403","Hoogkarspel","1246","","19790101",""
"1084","Hoogkerk","0014","","19690101",""
"0320","Hoogland","0307","","19740101",""
"1333","Hoogmade","0633","","18550917",""
"1085","Hoogvliet","0599","","19340501",""
"0404","Hoogwoud","0432","","19790101",""
"0405","Hoorn","","","",""
"0536","Hoornaar","0689","","19860101",""
"0922","Horn","0914","","19910101",""
"0254","Horssen","0225","","19840101",""
"0923","Horst","1507","","20010101",""
"1507","Horst aan de Maas","","20010101","",""
"0321","Houten","","","",""
"1086","Houthem","0982","","19401001",""
"1087","Houtrijk en Polanen","0393","","18630922",""
"0803","Huijbergen","0873","","19970101",""
"1088","Huisseling en Neerloon","0835","","19230501",""
"0255","Huissen","0206","","20010101",""
"0406","Huizen","","","",""
"0924","Hulsberg","0951","","19820101",""
"0677","Hulst","","","",""
"0256","Hummelo en Keppel","1876","","20050101",""
"0925","Hunsel","1640","","20070101",""
"1089","Hurwenen","0276","","19550701",""
"0078","Idaarderadeel","0057","","19840101",""
"0102","IJlst","0101","","19840101",""
"0195","IJsselham","0181","19730101","20010101",""
"1230","IJsselmonde","0599","","19410801",""
"0191","IJsselmuiden","0166","","20010101",""
"0353","IJsselstein","","","",""
"0730","IJzendijke","0692","","19700401",""
"1231","IJzendoorn","0227","","19230501",""
"0407","Ilpendam","0415","","19910101",""
"0926","Itteren","0935","","19700701",""
"1090","Ittervoort","0925","","19420701",""
"1091","Jaarsveld","0331","","19430101",""
"0927","Jabeek","0963","","19820101",""
"0645","Jacobswoude","1884","19910101","20090101",""
"0408","Jisp","0880","","19910101",""
"0322","Jutphaas","0356","","19710701",""
"1884","Kaag en Braassem","","20090101","",""
"1334","Kalslagen","0549","","18540531",""
"0323","Kamerik","0632","","19890101",""
"1335","Kamerik Houtdijken","0323","","18570908",""
"1336","Kamerik Mijzijde","0323","","18570908",""
"0166","Kampen","","","",""
"1092","Kamperveen","0191","","19370101",""
"0020","Kantens","0019","","19900101",""
"0678","Kapelle","","","",""
"1093","Katendrecht","1037","","18740101",""
"1094","Kats","0682","","19410401",""
"0679","Kattendijke","0664","","19700101",""
"0537","Katwijk","","","",""
"0409","Katwoude","0852","","19910101",""
"0538","Kedichem","0545","","19860101",""
"0928","Kerkrade","","","",""
"1095","Kerkwerve","0688","","19610101",""
"0257","Kerkwijk","0297","","19990101",""
"0929","Kessel","1894","","20100101",""
"0258","Kesteren","1740","","20030401",""
"1096","Kethel en Spaland","0606","","19410801",""
"1337","Kijfhoek","1066","","18570819",""
"0539","Klaaswaal","0611","","19840101",""
"1338","Kleine Lindt","0526","","18570613",""
"1339","Kleverskerke","0649","","18571002",""
"0930","Klimmen","0986","","19820101",""
"0680","Kloetinge","0664","","19700401",""
"0021","Kloosterburen","0045","","19900101",""
"0804","Klundert","0878","","19970101",""
"0324","Kockengen","0311","","19890101",""
"0410","Koedijk","0446","","19721001",""
"0681","Koewacht","0650","","19700401",""
"1598","Koggenland","","20070101","",""
"0079","Kollumerland en Nieuwkruisland","","","",""
"0411","Koog aan de Zaan","0479","","19740101",""
"0588","Korendijk","","19840101","",""
"1097","Kortenhoef","0390","","19660801",""
"0682","Kortgene","1695","","19950101",""
"1256","Koudekerk","0540","","19380101",""
"0540","Koudekerk aan den Rijn","0646","","19910101",""
"1098","Koudekerke","0720","","19660701",""
"0684","Krabbendijke","0703","","19700101",""
"1099","Kralingen","0599","","18950228",""
"0541","Krimpen aan de Lek","0643","","19850101",""
"0542","Krimpen aan den IJssel","","","",""
"1931","Krimpenerwaard","","20150101","",""
"0413","Krommenie","0479","","19740101",""
"0685","Kruiningen","0703","","19700101",""
"0167","Kuinre","0195","","19730101",""
"0414","Kwadijk","0478","","19700801",""
"1340","Laagblokland","0582","","18580101",""
"1100","Laag-Nieuwkoop","0324","","19420501",""
"1659","Laarbeek","","19970101","",""
"1685","Landerd","","19940101","",""
"0882","Landgraaf","","19820101","",""
"0415","Landsmeer","","","",""
"0325","Langbroek","0352","","19960101",""
"1101","Lange Ruige Weide","0506","","19640201",""
"0416","Langedijk","","19410801","",""
"0543","Langerak","0694","","19860101",""
"1621","Lansingerland","","20070101","",""
"0417","Laren","","","",""
"0259","Laren (Gld)","0262","","19710801",""
"0022","Leek","","","",""
"0805","Leende","1658","","19970101",""
"0023","Leens","0045","","19900101",""
"0544","Leerbroek","0707","","19860101",""
"0545","Leerdam","","","",""
"0326","Leersum","1581","","20060101",""
"0080","Leeuwarden","","","",""
"0081","Leeuwarderadeel","","","",""
"0546","Leiden","","","",""
"0547","Leiderdorp","","","",""
"0548","Leidschendam","1916","19380101","20020101",""
"1916","Leidschendam-Voorburg","","20020101","",""
"0549","Leimuiden","0645","","19910101",""
"0550","Lekkerkerk","0643","","19850101",""
"0995","Lelystad","","19800101","",""
"0082","Lemsterland","1921","","20140101",""
"1640","Leudal","","20070101","",""
"0327","Leusden","","","",""
"0551","Lexmond","0707","","19860101",""
"0260","Lichtenvoorde","0240","","20050101",""
"1673","Liemeer","0569","19940101","20070101",""
"0806","Liempde","0757","","19960101",""
"0261","Lienden","0214","","19990101",""
"1102","Lierop","0847","","19350501",""
"0807","Lieshout","1659","","19970101",""
"0694","Liesveld","1927","19860101","20130101",""
"0931","Limbricht","0968","","19820101",""
"0418","Limmen","0383","","20020101",""
"1103","Linden","0747","","19420801",""
"0733","Lingewaal","","19870103","",""
"1705","Lingewaard","","20030101","",""
"0932","Linne","0933","","19910101",""
"0328","Linschoten","0335","","19890101",""
"0553","Lisse","","","",""
"0808","Lith","0828","","20110101",""
"1104","Lithoijen","0808","","19390101",""
"0103","Littenseradeel","0140","19840101","19850126",""
"0140","Littenseradiel","","19850126","",""
"0262","Lochem","","","",""
"0329","Loenen","1904","","20110101",""
"1341","Loenen en Wolveren","0283","","18540420",""
"1105","Loenersloot","0311","","19640401",""
"1106","Lonneker","0153","","19340501",""
"0809","Loon op Zand","","","",""
"0330","Loosdrecht","1696","","20020101",""
"1107","Loosduinen","0518","","19230701",""
"0331","Lopik","","","",""
"0024","Loppersum","","","",""
"0168","Losser","","","",""
"0810","Luyksgestel","0749","","19970101",""
"0811","Maarheeze","0759","","19970101",""
"0332","Maarn","1581","","20060101",""
"0333","Maarssen","1904","","20110101",""
"1342","Maarssenbroek","0333","","18570908",""
"1108","Maarsseveen","0333","","19490701",""
"0334","Maartensdijk","0310","","20010101",""
"0933","Maasbracht","1641","","20070101",""
"0934","Maasbree","1894","","20100101",""
"0554","Maasdam","0585","","19840101",""
"1671","Maasdonk","0796","19930101","20150101",""
"0263","Maasdriel","","19440801","",""
"1641","Maasgouw","","20070101","",""
"1109","Maashees en Overloon","0863","","19420501",""
"0555","Maasland","1842","","20040101",""
"1110","Maasniel","0957","","19590801",""
"0556","Maassluis","","","",""
"0935","Maastricht","","","",""
"1665","Made","1719","19970101","19980425",""
"0812","Made en Drimmelen","1665","","19970101",""
"0936","Margraten","1903","","20110101",""
"0686","Mariekerke","0717","19660701","19970101",""
"0169","Markelo","1735","","20010101",""
"0419","Marken","0852","","19910101",""
"0025","Marum","","","",""
"0264","Maurik","0214","","19990101",""
"0420","Medemblik","","","",""
"0026","Meeden","0033","","19900101",""
"1343","Meerdervoort","0642","","18550901",""
"0557","Meerkerk","0707","","19860101",""
"0937","Meerlo","0993","","19690701",""
"0993","Meerlo-Wanssum","0984","19690701","20100101",""
"0938","Meerssen","","","",""
"1111","Meeuwen","0771","","19230501",""
"1265","Meeuwen, Hill en Babyloniënbroek","1111","","19080801",""
"0813","Megen, Haren en Macharen","0828","","19940101",""
"1948","Meierijstad","","20170101","",""
"0941","Meijel","1894","","20100101",""
"0939","Melick en Herkenbosch","1669","","19930101",""
"1112","Meliskerke","0686","","19660701",""
"1113","Melissant","0504","","19660101",""
"0083","Menaldumadeel","1908","","20110101",""
"1908","Menameradiel","","20110101","",""
"1987","Menterwolde","","19910201","",""
"0119","Meppel","","","",""
"0940","Merkelbeek","0963","","19820101",""
"1114","Mesch","0905","","19430101",""
"0942","Mheer","0936","","19820101",""
"0687","Middelburg","","","",""
"1344","Middelburg (ZH)","0595","","18550901",""
"0559","Middelharnis","1924","","20130101",""
"0421","Middelie","0478","","19700801",""
"0027","Middelstum","0024","","19900101",""
"1842","Midden-Delfland","","20040101","",""
"1731","Midden-Drenthe","","20000101","",""
"0688","Middenschouwen","1676","19610101","19970101",""
"1697","Middenveld","1731","19980101","20000101",""
"0028","Midwolda","0039","","19900101",""
"0422","Midwoud","0529","","19790101",""
"0814","Mierlo","1771","","20040101",""
"0336","Mijdrecht","0736","","19890101",""
"0564","Mijnsheerenland","0585","","19840101",""
"0815","Mill en Sint Hubert","","","",""
"1259","Millingen","0265","","19550101",""
"0265","Millingen aan de Rijn","0241","19550101","20150101",""
"1709","Moerdijk","","19980401","",""
"0816","Moergestel","0824","","19970101",""
"0647","Moerhuizen","1666","19910101","19920201",""
"0560","Moerkapelle","0647","","19910101",""
"0561","Molenaarsgraaf","0693","","19860101",""
"1927","Molenwaard","","20130101","",""
"0423","Monnickendam","0852","","19910101",""
"0562","Monster","1783","","20040101",""
"1955","Montferland","","20050101","",""
"0335","Montfoort","","","",""
"0943","Montfort","0956","","19910101",""
"0944","Mook en Middelaar","","","",""
"0563","Moordrecht","1892","","20100101",""
"0424","Muiden","1942","","20160101",""
"0945","Munstergeleen","0968","","19820101",""
"0029","Muntendam","0033","","19900101",""
"0565","Naaldwijk","1783","","20040101",""
"0425","Naarden","1942","","20160101",""
"1346","Naters","0598","","18560101",""
"1740","Neder-Betuwe","","20030401","",""
"1115","Nederhemert","0257","","19550701",""
"0426","Nederhorst den Berg","1696","","20020101",""
"0643","Nederlek","1931","19850101","20150101",""
"1347","Nederslingelandt","1154","","18570819",""
"0946","Nederweert","","","",""
"0266","Neede","1859","","20050101",""
"0947","Neer","0958","","19910101",""
"0304","Neerijnen","","19780101","",""
"1116","Neeritter","0925","","19420701",""
"0427","Nibbixwoud","0466","","19790101",""
"0412","Niedorp","1911","19700801","20120101",""
"1117","Nieuw- en Sint Joosland","0687","","19660701",""
"0566","Nieuw-Beijerland","0588","","19840101",""
"0428","Nieuwe Niedorp","0412","","19700801",""
"0030","Nieuwe Pekela","0765","","19900101",""
"1119","Nieuwe Tonge","0559","","19660101",""
"0356","Nieuwegein","","19710701","",""
"1120","Nieuwendam","0363","","19210101",""
"0948","Nieuwenhagen","0882","","19820101",""
"1121","Nieuwenhoorn","0530","","19600101",""
"1249","Nieuwer-Amstel","0362","","19640101",""
"1122","Nieuwerkerk","0662","","19610101",""
"0567","Nieuwerkerk aan den IJssel","1892","","20100101",""
"0031","Nieuweschans","0006","","19900101",""
"0817","Nieuw-Ginneken","0758","19420101","19970101",""
"1118","Nieuw-Helvoet","0530","","19600101",""
"0569","Nieuwkoop","","","",""
"1123","Nieuwkuijk","0864","","19350501",""
"0570","Nieuwland","0707","","19860101",""
"1348","Nieuwland, Kortland en 's-Graveland","1096","","18560101",""
"0571","Nieuw-Lekkerland","1927","","20130101",""
"0170","Nieuwleusen","0148","","20010101",""
"0032","Nieuwolda","0039","","19900101",""
"0572","Nieuwpoort","0694","","19860101",""
"0949","Nieuwstadt","0974","","19820101",""
"0573","Nieuwveen","1673","","19940101",""
"1349","Nieuwveen in Delfland","0577","","18320101",""
"0690","Nieuwvliet","0692","","19700401",""
"0818","Nieuw-Vossemeer","0851","","19970101",""
"0337","Nigtevecht","0329","","19890101",""
"0104","Nijefurd","1900","19840101","20110101",""
"0121","Nijeveen","0119","","19980101",""
"0267","Nijkerk","","","",""
"0268","Nijmegen","","","",""
"0691","Nisse","0654","","19700101",""
"1930","Nissewaard","","20150101","",""
"0819","Nistelrode","0791","","19940101",""
"0950","Noorbeek","0936","","19820101",""
"1695","Noord-Beveland","","19950101","",""
"1126","Noordbroek","0033","","19650701",""
"1127","Noorddijk","0014","","19690101",""
"0574","Noordeloos","0689","","19860101",""
"1699","Noordenveld","","19980101","",""
"0529","Noorder-Koggenland","0420","19790101","20070101",""
"1128","Noordgouwe","0656","","19610101",""
"0171","Noordoostpolder","","19620701","",""
"1350","Noord-Polsbroek","0338","","18570908",""
"1124","Noord-Scharwoude","0416","","19410801",""
"1125","Noord-Waddinxveen","0627","","18700701",""
"1129","Noordwelle","0725","","19610101",""
"0575","Noordwijk","","","",""
"0576","Noordwijkerhout","","","",""
"0577","Nootdorp","1926","","20020101",""
"0120","Norg","1699","","19980101",""
"0820","Nuenen, Gerwen en Nederwetten","","","",""
"0821","Nuland","1671","","19930101",""
"0578","Numansdorp","0611","","19840101",""
"1130","Nunhem","0914","","19421001",""
"0302","Nunspeet","","19720101","",""
"0951","Nuth","","","",""
"0952","Obbicht en Papenhoven","0897","","19820101",""
"0429","Obdam","1598","","20070101",""
"1131","Odijk","0312","","19640901",""
"0122","Odoorn","1681","","19980101",""
"0822","Oeffelt","0756","","19940101",""
"0579","Oegstgeest","","","",""
"1132","Oerle","0861","","19210501",""
"0953","Ohé en Laak","0933","","19910101",""
"1150","Oijen en Teeffelen","0808","","19390101",""
"0954","Oirsbeek","0962","","19820101",""
"0823","Oirschot","","","",""
"0824","Oisterwijk","","","",""
"1895","Oldambt","","20100101","",""
"0269","Oldebroek","","","",""
"0035","Oldehove","0056","","19900101",""
"0036","Oldekerk","0015","","19900101",""
"0172","Oldemarkt","0195","","19730101",""
"0173","Oldenzaal","","","",""
"0174","Olst","1773","","20020326",""
"1773","Olst-Wijhe","","20020326","",""
"0175","Ommen","","19230501","",""
"0000","Onbekend","","","",""
"0999","Onbekend (Niet GBA)","","","19901001",""
"0881","Onderbanken","","19820101","",""
"1250","Onstwedde","0037","","19690101",""
"1351","Onwaard","1113","","18580101",""
"1133","Ooltgensplaat","0580","","19660101",""
"1134","Oost- en West-Barendrecht","0489","18360101","18860101",""
"1135","Oost- en West-Souburg","0718","","19660701",""
"1586","Oost Gelre","","20060519","",""
"0825","Oost-, West- en Middelbeers","0823","","19970101",""
"1352","Oost-Barendrecht","1134","","18360101",""
"0692","Oostburg","1714","","20030101",""
"0084","Oostdongeradeel","0058","","19840101",""
"0033","Oosterbroek","1987","19650701","19910201",""
"0123","Oosterhesselen","0109","","19980101",""
"0826","Oosterhout","","","",""
"1136","Oosterland","0662","","19610101",""
"0580","Oostflakkee","1924","19660101","20130101",""
"0430","Oosthuizen","0478","","19700801",""
"1137","Oostkapelle","0660","","19660701",""
"1353","Oost-Souburg","1135","","18340101",""
"0085","Ooststellingwerf","","","",""
"0581","Oostvoorne","0614","","19800101",""
"0431","Oostzaan","","","",""
"0176","Ootmarsum","0149","","20010101",""
"0270","Ophemert","0304","","19780101",""
"0827","Oploo, St. Anthonis en Ledeacker","1691","","19940101",""
"0432","Opmeer","","","",""
"0433","Opperdoes","0529","","19790101",""
"0086","Opsterland","","","",""
"0828","Oss","","","",""
"0829","Ossendrecht","0873","","19970101",""
"1138","Ossenisse","0719","","19360701",""
"0434","Oterleek","0458","","19700801",""
"0955","Ottersum","0907","","19730101",""
"0582","Ottoland","0693","","19860101",""
"0831","Oud en Nieuw Gastel","1655","","19970101",""
"1139","Oud- en Nieuw-Mathenesse","0606","","18680101",""
"0583","Oud-Alblas","0693","","19860101",""
"0584","Oud-Beijerland","","","",""
"1142","Ouddorp","0511","","19660101",""
"1356","Oude en Nieuwe Struiten","1118","","18550901",""
"1509","Oude IJsselstreek","","20050101","",""
"0436","Oude Niedorp","0412","","19700801",""
"0038","Oude Pekela","0765","","19900101",""
"0695","Oudelande","0654","","19700101",""
"0830","Oudenbosch","1655","","19970101",""
"0435","Oudendijk","0558","","19790101",""
"0586","Oudenhoorn","0568","","19800101",""
"1144","Oudenrijn","0347","","19540101",""
"0437","Ouder-Amstel","","","",""
"0644","Ouderkerk","1931","19850101","20150101",""
"0587","Ouderkerk aan den IJssel","0644","","19850101",""
"1143","Oude-Tonge","0580","","19660101",""
"0589","Oudewater","","","",""
"1145","Oudheusden","0797","","19350501",""
"1357","Oudhuizen","0350","","18580101",""
"1146","Oudkarspel","0416","","19410801",""
"0438","Oudorp","0361","","19721001",""
"1147","Oudshoorn","0484","","19180101",""
"1140","Oud-Valkenburg","0982","","19401001",""
"0696","Oud-Vossemeer","0716","","19710701",""
"1141","Oud-Vroenhoven","0935","","19200101",""
"1355","Oud-Wulven","0321","","18580101",""
"1358","Oukoop","1075","","18570819",""
"1148","Ouwerkerk","0662","","19610101",""
"0271","Overasselt","0252","","19800701",""
"1734","Overbetuwe","","20010101","",""
"1149","Overschie","0599","","19410801",""
"0697","Overslag","0650","","19700401",""
"0698","Ovezande","0654","","19700101",""
"0272","Pannerden","0196","","19850101",""
"1151","Papekop","0506","","19640201",""
"0590","Papendrecht","","","",""
"1894","Peel en Maas","","20100101","",""
"0124","Peize","1699","","19980101",""
"0765","Pekela","","19900101","",""
"1152","Pernis","0599","","19340501",""
"1153","Petten","0476","","19290501",""
"1154","Peursum","0510","","19570101",""
"0699","Philippine","0704","","19700401",""
"0591","Piershil","0588","","19840101",""
"0594","Pijnacker","1926","","20020101",""
"1926","Pijnacker-Nootdorp","","20020101","",""
"1155","Poederoijen","0212","","19550701",""
"0338","Polsbroek","0331","18570613","19890101",""
"0592","Poortugaal","0613","","19850101",""
"0700","Poortvliet","0716","","19710701",""
"1359","Portengen","1028","","18590101",""
"0956","Posterholt","1679","","19940201",""
"1156","Princenhage","1247","","19420101",""
"0832","Prinsenbeek","0758","19510101","19970101",""
"0439","Purmerend","","","",""
"0833","Putte","0873","","19970101",""
"0273","Putten","","","",""
"0593","Puttershoek","0585","","19840101",""
"0177","Raalte","","","",""
"0834","Raamsdonk","0779","","19970101",""
"1157","Ransdorp","0363","","19210101",""
"0087","Rauwerderhem","0057","","19840101",""
"0835","Ravenstein","0828","","20030101",""
"1158","Reek","0843","","19420701",""
"0595","Reeuwijk","1901","","20110101",""
"1999","Registratie Niet Ingezetenen (RNI)","","20140106","",""
"1661","Reiderland","1895","19910701","20100101",""
"0703","Reimerswaal","","19700101","",""
"1159","Renesse","0725","","19610101",""
"0274","Renkum","","","",""
"0339","Renswoude","","","",""
"0701","Retranchement","0713","","19700401",""
"0836","Reusel","1667","","19970101",""
"1667","Reusel-De Mierden","","19970101","",""
"0275","Rheden","","","",""
"0340","Rhenen","","","",""
"1360","Rhijnauwen","0312","","18570908",""
"0596","Rhoon","0613","","19850101",""
"0597","Ridderkerk","","","",""
"0837","Riethoven","0749","","19970101",""
"1160","Rietveld","0632","","19640201",""
"1361","Rietwijkeroord","1249","","18540623",""
"1165","Rijckholt","0911","","19430101",""
"0646","Rijneveld","1672","19910101","19930101",""
"0601","Rijnsaterwoude","0645","","19910101",""
"0602","Rijnsburg","0537","","20060101",""
"0196","Rijnwaarden","","19850101","",""
"1672","Rijnwoude","0484","19930101","20140101",""
"0841","Rijsbergen","0879","","19970101",""
"1166","Rijsenburg","0316","","19310501",""
"1362","Rijsoort","1258","","18550101",""
"1258","Rijsoort en Strevelshoek","0597","18460101","18550901",""
"0178","Rijssen","1742","","20030315",""
"1742","Rijssen-Holten","","20030315","",""
"0603","Rijswijk","","","",""
"0842","Rijswijk (NB)","0874","","19730101",""
"1161","Rilland","0702","","18780101",""
"0702","Rilland-Bath","0703","18771210","19700101",""
"1162","Rimburg","0978","","18870315",""
"1163","Ritthem","0718","","19660701",""
"0598","Rockanje","0614","","19800101",""
"0125","Roden","1699","","19980101",""
"1669","Roerdalen","","19930101","",""
"0957","Roermond","","","",""
"0958","Roggel","1670","","19930101",""
"1670","Roggel en Neer","1640","19930101","20070101",""
"0126","Rolde","1680","","19980101",""
"1674","Roosendaal","","19970101","",""
"0838","Roosendaal en Nispen","1674","","19970101",""
"0959","Roosteren","0974","","19820101",""
"0839","Rosmalen","0796","","19960101",""
"0276","Rossum","0263","","19990101",""
"0599","Rotterdam","","","",""
"1363","Roxenisse","1113","","18580101",""
"0600","Rozenburg","0599","","20100318",""
"0277","Rozendaal","","","",""
"0840","Rucphen","","","",""
"1364","Ruijven","0594","","18460101",""
"0127","Ruinen","1690","","19980101",""
"0128","Ruinerwold","1690","","19980101",""
"0278","Ruurlo","1859","","20050101",""
"1164","Ruwiel","0311","","19640401",""
"0787","'s Gravenmoer","0766","","19970101",""
"0669","'s Heer Abtskerke","0654","","19700101",""
"1326","'s Heer Hendriks Kinderen","0670","","18570801",""
"1167","Sambeek","0756","","19420501",""
"1365","Sandelingen-Ambacht","0531","","18550901",""
"1168","Sappemeer","0018","","19490401",""
"0704","Sas van Gent","0715","","20030101",""
"0604","Sassenheim","1525","","20060101",""
"0960","Schaesberg","0882","","19820101",""
"0441","Schagen","","","",""
"0843","Schaijk","1685","","19940101",""
"1169","Schalkwijk","0321","","19620101",""
"1366","Schardam","0371","","18540531",""
"0139","Scharsterland","0051","19840101","19850301",""
"1367","Scharwoude","0368","","18540531",""
"0039","Scheemda","1895","","20100101",""
"1368","Schellingwoude","1157","","18570919",""
"0442","Schellinkhout","0454","","19700801",""
"0605","Schelluinen","0689","","19860101",""
"0458","Schermer","0361","19700801","20150101",""
"0443","Schermerhorn","0458","","19700801",""
"0705","Scherpenisse","0716","","19710701",""
"0279","Scherpenzeel","","","",""
"1170","Schiebroek","0599","","19410801",""
"0606","Schiedam","","","",""
"0088","Schiermonnikoog","","","",""
"0844","Schijndel","1948","","20170101",""
"0961","Schimmert","0951","","19820101",""
"1171","Schin op Geul","0982","","19401001",""
"0962","Schinnen","","","",""
"0963","Schinveld","0881","","19820101",""
"0607","Schipluiden","1842","","20040101",""
"1369","Schokland","0166","","18580901",""
"1370","Schonauwen","0321","","18580101",""
"0706","Schoondijke","0692","","19700401",""
"0129","Schoonebeek","0114","18840501","19980101",""
"0608","Schoonhoven","1931","","20150101",""
"0609","Schoonrewoerd","0545","","19860101",""
"0444","Schoorl","0373","","20010101",""
"1172","Schore","0678","","19410101",""
"1173","Schoten","0392","","19270501",""
"1174","Schoterland","0074","","19340701",""
"1676","Schouwen-Duiveland","","19970101","",""
"1371","Schuddebeurs en Simonshaven","0509","","18550711",""
"1175","Serooskerke (Schouwen)","0725","","19610101",""
"1176","Serooskerke (Walcheren)","0717","","19660701",""
"0964","Sevenum","1507","","20100101",""
"0390","'s-Graveland","1696","","20020101",""
"1320","'s-Gravenambacht","1152","","18340101",""
"0517","'s-Gravendeel","0585","","20070101",""
"0518","'s-Gravenhage","","","",""
"0666","'s-Gravenpolder","0654","","19700101",""
"0519","'s-Gravenzande","1783","","20040101",""
"1321","'s-Gravesloot","0323","","18570908",""
"0670","'s-Heer Arendskerke","0664","","19700101",""
"0671","'s-Heerenhoek","0654","","19700101",""
"0796","'s-Hertogenbosch","","","",""
"0447","Sijbekarspel","0529","","19790101",""
"1261","Simonshaven","0509","","18550901",""
"0965","Simpelveld","","","",""
"1702","Sint Anthonis","","19950704","",""
"1372","Sint Anthonypolder","0554","","18320101",""
"0966","Sint Geertruid","0936","","19820101",""
"1178","Sint Kruis","0648","","19410401",""
"1179","Sint Laurens","0687","","19660701",""
"0445","Sint Maarten","0395","","19900101",""
"0967","Sint Odiliënberg","0956","","19910101",""
"0446","Sint Pancras","0416","","19900101",""
"0712","Sint Philipsland","0716","","19950101",""
"1180","Sint Pieter","0935","","19200101",""
"0708","Sint-Annaland","0716","","19710701",""
"0711","Sint-Maartensdijk","0716","","19710701",""
"0845","Sint-Michielsgestel","","","",""
"0846","Sint-Oedenrode","1948","","20170101",""
"0968","Sittard","1883","","20010101",""
"1883","Sittard-Geleen","","20010101","",""
"0051","Skarsterlân","1921","19850301","20140101",""
"0130","Sleen","0109","","19980101",""
"0969","Slenaken","0990","","19820101",""
"0610","Sliedrecht","","","",""
"0040","Slochteren","","","",""
"0089","Sloten (F)","0071","","19840101",""
"1181","Sloten (NH)","0363","","19210101",""
"1182","Sluipwijk","0595","","18700701",""
"1714","Sluis","","20030101","",""
"0713","Sluis (oud)","1698","","19950101",""
"1698","Sluis-Aardenburg","1714","19950101","20030101",""
"0090","Smallingerland","","","",""
"0131","Smilde","1697","","19980101",""
"0091","Sneek","1900","","20110101",""
"0341","Snelrewaard","0589","","19890101",""
"1183","Soerendonk, Sterksel en Gastel","0811","","19250101",""
"0342","Soest","","","",""
"0847","Someren","","","",""
"1184","Sommelsdijk","0559","","19660101",""
"0848","Son en Breugel","","","",""
"1185","Spaarndam","0392","","19270501",""
"1374","Spaarnwoude","0393","","18570908",""
"1186","Spanbroek","0432","","19590701",""
"0970","Spaubeek","0888","","19820101",""
"1375","Spijk","0533","","18550901",""
"0612","Spijkenisse","1930","","20150101",""
"1187","Sprang","0849","","19230101",""
"0849","Sprang-Capelle","0867","19230101","19970101",""
"1177","St. Anna ter Muiden","0713","","18800423",""
"1691","St. Anthonis","1702","19940101","19950704",""
"0709","St. Jansteen","0677","","19700401",""
"1373","St. Maartensregt","0607","","18550901",""
"1188","Stad aan 't Haringvliet","0559","","19660101",""
"0179","Stad Delden","1735","","20010101",""
"1189","Stad-Almelo","0141","","19140101",""
"1190","Stad-Doetinchem","0222","","19200101",""
"1191","Stad-Hardenberg","0160","","19410501",""
"1192","Stad-Ommen","0175","","19230501",""
"0037","Stadskanaal","","19690101","",""
"1193","Stad-Vollenhove","0185","","19420201",""
"0850","Standdaarbuiten","0878","","19970101",""
"0180","Staphorst","","","",""
"0714","Stavenisse","0716","","19710701",""
"1257","Staveren","0092","19390101","19790101",""
"0092","Stavoren","0104","","19840101",""
"0532","Stede Broec","","19790101","",""
"0041","Stedum","0024","","19900101",""
"0851","Steenbergen","","","",""
"1376","Steenbergen en Kruisland","0851","","19620625",""
"0280","Steenderen","1876","","20050101",""
"0181","Steenwijk","1708","","20030101",""
"1708","Steenwijkerland","","20030101","",""
"0182","Steenwijkerwold","0181","","19730101",""
"0971","Stein","","","",""
"1194","Stein (ZH)","0595","","18700701",""
"1195","Stellendam","0511","","19660101",""
"1377","Sterkenburg","1048","","18570908",""
"0972","Stevensweert","0933","","19910101",""
"1904","Stichtse Vecht","","20110101","",""
"1196","Stiphout","0794","","19680101",""
"0615","Stolwijk","0623","","19850101",""
"1197","Stompwijk","0548","","19380101",""
"1198","Stoppeldijk","0719","","19360701",""
"1378","Stormpolder","0542","","18550901",""
"0343","Stoutenburg","0327","","19690601",""
"0973","Stramproy","0988","","19980101",""
"1199","Stratum","0772","","19200101",""
"0616","Streefkerk","0694","","19860101",""
"1380","Strevelshoek","1258","","18460101",""
"0617","Strijen","","","",""
"1381","Strijensas","0617","","18550901",""
"1201","Strijp","0772","","19200101",""
"1200","Strucht","1171","","18790102",""
"1900","Súdwest-Fryslân","","20110101","",""
"0974","Susteren","1711","","20030101",""
"0975","Swalmen","0957","","20070101",""
"0054","'t Zandt","0024","","19900101",""
"1382","Teckop","0323","","18570908",""
"0976","Tegelen","0983","","20010101",""
"1383","Tempel","0493","","18580711",""
"0009","Ten Boer","","","",""
"0480","Ter Aar","0569","","20070101",""
"0853","Terheijden","1665","","19970101",""
"0042","Termunten","0010","","19900101",""
"0715","Terneuzen","","","",""
"0093","Terschelling","","","",""
"0854","Teteringen","0758","","19970101",""
"0448","Texel","","","",""
"1525","Teylingen","","20060101","",""
"0716","Tholen","","","",""
"0977","Thorn","1641","","20070101",""
"0281","Tiel","","","",""
"1202","Tienhoven (U)","0333","","19570701",""
"0618","Tienhoven (ZH)","0707","","19860101",""
"0094","Tietjerksteradeel","0737","","19890101",""
"0855","Tilburg","","","",""
"1203","Tongelre","0772","","19200101",""
"0183","Tubbergen","","","",""
"1204","Tudderen","","19490422","19630801",""
"1205","Tull en 't Waal","0321","","19620101",""
"1700","Twenterand","","20020601","",""
"0449","Twisk","0529","","19790101",""
"1730","Tynaarlo","","19991201","",""
"0737","Tytsjerksteradiel","","19890101","",""
"0978","Ubach over Worms","0882","","19820101",""
"0282","Ubbergen","0241","","20150101",""
"0856","Uden","","","",""
"0857","Udenhout","0855","","19970101",""
"0450","Uitgeest","","","",""
"0451","Uithoorn","","","",""
"0043","Uithuizen","0019","","19790101",""
"0044","Uithuizermeeden","0019","","19790101",""
"0979","Ulestraten","0938","","19820101",""
"0045","Ulrum","1663","","19920101",""
"0184","Urk","","","",""
"0980","Urmond","0971","","19820101",""
"0452","Ursem","0558","","19790101",""
"0046","Usquert","0019","","19900101",""
"0095","Utingeradeel","0057","","19840101",""
"0344","Utrecht","","","",""
"1581","Utrechtse Heuvelrug","","20060101","",""
"0981","Vaals","","","",""
"0283","Valburg","1734","","20010101",""
"1252","Valkenburg (L)","0982","","19410715",""
"0619","Valkenburg (ZH)","0537","","20060101",""
"0994","Valkenburg aan de Geul","","19820101","",""
"0982","Valkenburg-Houthem","0994","19401001","19820101",""
"0720","Valkenisse","0717","19660701","19970101",""
"0858","Valkenswaard","","","",""
"0284","Varik","0304","","19780101",""
"0859","Veen","0738","","19730101",""
"0047","Veendam","","","",""
"0345","Veenendaal","","","",""
"1384","Veenhuizen","0398","","18540413",""
"0717","Veere","","","",""
"0860","Veghel","1948","","20170101",""
"0861","Veldhoven","","19210101","",""
"1206","Veldhoven en Meerveldhoven","0861","","19210501",""
"1207","Veldhuizen","0347","","19540101",""
"1208","Velp","0786","","19420701",""
"0453","Velsen","","","",""
"0454","Venhuizen","0498","","20060101",""
"0983","Venlo","","","",""
"0984","Venray","","","",""
"1386","Verwolde","0259","","18540522",""
"0862","Vessem, Wintelre en Knegsel","0770","","19970101",""
"1209","Veur","0548","","19380101",""
"0620","Vianen","","","",""
"0863","Vierlingsbeek","0756","","19980101",""
"0621","Vierpolders","0501","","19800101",""
"1387","Vinkeveen","0346","","18410101",""
"0346","Vinkeveen en Waverveen","0736","18410101","19890101",""
"0622","Vlaardingen","","","",""
"1210","Vlaardinger-Ambacht","0622","","19410801",""
"0048","Vlagtwedde","","","",""
"0132","Vledder","1701","","19980101",""
"1211","Vleuten","0347","","19540101",""
"0347","Vleuten-De Meern","0344","19540101","20010101",""
"0096","Vlieland","","","",""
"1212","Vlierden","0762","","19260101",""
"1388","Vliet","0521","","18460101",""
"0864","Vlijmen","0797","","19970101",""
"0718","Vlissingen","","","",""
"0623","Vlist","1931","","20150101",""
"0985","Vlodrop","0939","","19910101",""
"0986","Voerendaal","","","",""
"0719","Vogelwaarde","0675","19360701","19700401",""
"0185","Vollenhove","0194","19420201","19730101",""
"0624","Voorburg","1916","","20020101",""
"0625","Voorhout","1525","","20060101",""
"0626","Voorschoten","","","",""
"0285","Voorst","","","",""
"0286","Vorden","1876","","20050101",""
"1213","Vreeland","0329","","19640401",""
"0348","Vreeswijk","0356","","19710701",""
"0133","Vries","0136","","19980101",""
"0186","Vriezenveen","1700","","20020601",""
"1390","Vrije en Lage Boekhorst","0483","","18550815",""
"1215","Vrijenban","0503","","19210101",""
"1216","Vrijhoeve-Capelle","0849","","19230101",""
"1391","Vrijhoeven","0480","","18400710",""
"1214","Vrouwenpolder","0717","","19660701",""
"0865","Vught","","","",""
"0287","Vuren","0733","","19870103",""
"0866","Waalre","","","",""
"0867","Waalwijk","","","",""
"0721","Waarde","0703","","19700101",""
"0288","Waardenburg","0304","","19780101",""
"1217","Waarder","0506","","19640201",""
"0627","Waddinxveen","","18700701","",""
"1218","Wadenoijen","0281","","19560701",""
"0289","Wageningen","","","",""
"0290","Wamel","0668","","19850701",""
"0187","Wanneperveen","0194","","19730101",""
"0868","Wanroij","1691","","19940101",""
"0987","Wanssum","0993","","19690701",""
"0455","Warder","0478","","19700801",""
"0049","Warffum","0019","","19900101",""
"0456","Warmenhuizen","0395","","19900101",""
"0628","Warmond","1525","","20060101",""
"0291","Warnsveld","0301","","20050101",""
"0869","Waspik","0867","","19970101",""
"0629","Wassenaar","","","",""
"1219","Watergraafsmeer","0363","","19210101",""
"0630","Wateringen","1783","","20040101",""
"0852","Waterland","","19910101","",""
"0722","Waterlandkerkje","0692","","19700401",""
"1393","Waverveen","0346","","18410101",""
"1220","Wedde","0007","","19680901",""
"0188","Weerselo","0149","","20010101",""
"0988","Weert","","","",""
"0457","Weesp","","","",""
"1221","Weesperkarspel","0363","","19660801",""
"0292","Wehl","0222","","20050101",""
"0723","Wemeldinge","0678","","19700101",""
"0870","Werkendam","","","",""
"1223","Werkhoven","0312","","19640901",""
"0459","Wervershoof","0420","","20110101",""
"0989","Wessem","1937","","19910101",""
"0668","West Maas en Waal","","19850701","",""
"1394","West-Barendrecht","1134","","18360101",""
"1224","Westbroek","0334","","19570701",""
"0097","Westdongeradeel","0058","","19840101",""
"0724","Westdorpe","0704","","19700401",""
"0134","Westerbork","1697","","19980101",""
"0871","Westerhoven","0749","","19970101",""
"0558","Wester-Koggenland","1598","19790101","20070101",""
"0725","Westerschouwen","1676","19610101","19970101",""
"1701","Westerveld","","19980101","",""
"0293","Westervoort","","","",""
"0726","Westkapelle","0717","","19970101",""
"1783","Westland","","20040101","",""
"0631","Westmaas","0585","","19840101",""
"1395","West-Souburg","1135","","18340101",""
"0098","Weststellingwerf","","","",""
"0614","Westvoorne","","19800101","",""
"0460","Westwoud","1246","","19790101",""
"0461","Westzaan","0479","","19740101",""
"1396","Wieldrecht","0507","","18570131",""
"0189","Wierden","","","",""
"0462","Wieringen","1911","","20120101",""
"0463","Wieringermeer","1911","19380101","20120101",""
"0464","Wieringerwaard","0369","","19700801",""
"0296","Wijchen","","","",""
"1696","Wijdemeren","","20020101","",""
"0469","Wijdenes","0454","","19700801",""
"0470","Wijdewormer","0880","","19910101",""
"0190","Wijhe","0174","","20010101",""
"1229","Wijk aan Zee en Duin","0375","","19360501",""
"0352","Wijk bij Duurstede","","","",""
"0876","Wijk en Aalburg","0738","","19730101",""
"0991","Wijlre","0913","","19820101",""
"0992","Wijnandsrade","0951","","19820101",""
"0634","Wijngaarden","0693","","19860101",""
"1225","Wildervank","0047","","19690101",""
"0872","Willemstad","0878","","19970101",""
"0349","Willeskop","0335","","19890101",""
"1226","Willige-Langerak","0331","","19430101",""
"0350","Wilnis","0736","","19890101",""
"1227","Wilsum","0191","","19370101",""
"1397","Wimmenum","0387","","18570713",""
"0465","Winkel","0412","","19700801",""
"0052","Winschoten","1895","","20100101",""
"0053","Winsum","","","",""
"0294","Winterswijk","","","",""
"0295","Wisch","1509","","20050101",""
"1253","Wissekerke","0670","","19580801",""
"0727","Wissenkerke","1695","","19950101",""
"0990","Wittem","1729","","19990101",""
"0873","Woensdrecht","","","",""
"1228","Woensel","0772","","19200101",""
"0632","Woerden","","","",""
"0466","Wognum","0420","","20070101",""
"0728","Wolphaartsdijk","0664","","19700101",""
"0099","Wonseradeel","0710","","19870101",""
"0100","Workum","0104","","19840101",""
"0467","Wormer","0880","","19910101",""
"0880","Wormerland","","19910101","",""
"0468","Wormerveer","0479","","19740101",""
"0633","Woubrugge","0645","","19910101",""
"0351","Woudenberg","","","",""
"0874","Woudrichem","","","",""
"0875","Wouw","1674","","19970101",""
"1398","Wulverhorst","0328","","18570908",""
"0710","Wûnseradiel","1900","19870101","20110101",""
"0101","Wymbritseradeel","0683","","19860101",""
"0683","Wymbritseradiel","1900","19860101","20110101",""
"0729","Yerseke","0703","","19700101",""
"0731","Zaamslag","0715","","19700401",""
"0471","Zaandam","0479","","19740101",""
"0472","Zaandijk","0479","","19740101",""
"0479","Zaanstad","","19740101","",""
"1232","Zalk en Veecaten","0191","","19370101",""
"0297","Zaltbommel","","","",""
"0473","Zandvoort","","","",""
"0707","Zederik","","19860101","",""
"0877","Zeeland","1685","","19940101",""
"1233","Zeelst","0861","","19210501",""
"0478","Zeevang","0385","19700801","20160101",""
"0050","Zeewolde","","19840101","",""
"0354","Zegveld","0632","","19890101",""
"1234","Zegwaart","0637","","19350501",""
"0355","Zeist","","","",""
"0298","Zelhem","1876","","20050101",""
"1235","Zesgehuchten","0781","","19210501",""
"0299","Zevenaar","","","",""
"0878","Zevenbergen","1709","","19980401",""
"1399","Zevender","1226","","18570908",""
"0635","Zevenhoven","0573","","19910101",""
"0636","Zevenhuizen","0647","","19910101",""
"1666","Zevenhuizen-Moerkapelle","1892","19920201","20100101",""
"0732","Zierikzee","1676","","19970101",""
"0476","Zijpe","0441","","20130101",""
"0300","Zoelen","0214","","19780101",""
"0637","Zoetermeer","","","",""
"0638","Zoeterwoude","","","",""
"1236","Zonnemaire","0656","","19610101",""
"1237","Zoutelande","0720","","19660701",""
"1400","Zouteveen","1210","","18550901",""
"0474","Zuid- en Noord-Schermer","0458","","19700801",""
"0639","Zuid-Beijerland","0588","","19840101",""
"1240","Zuidbroek","0033","","19650701",""
"1402","Zuidbroek (ZH)","0491","","18570613",""
"0734","Zuiddorpe","0650","","19700401",""
"0996","Zuidelijke IJsselmeerpolders","0034","19551130","19960101",""
"0056","Zuidhorn","","","",""
"0640","Zuidland","0568","","19800101",""
"0136","Zuidlaren","1730","","19991201",""
"1892","Zuidplas","","20100101","",""
"1401","Zuid-Polsbroek","0338","","18570908",""
"1241","Zuidschalkwijk","0393","","18630922",""
"1238","Zuid-Scharwoude","0416","","19410801",""
"1239","Zuid-Waddinxveen","0627","","18700701",""
"1403","Zuidwijk","0499","","18460101",""
"0137","Zuidwolde","1690","","19980101",""
"0735","Zuidzande","0692","","19700401",""
"1242","Zuilen","0344","","19540101",""
"1243","Zuilichem","0212","","19550701",""
"0879","Zundert","","","",""
"0301","Zutphen","","","",""
"0475","Zwaag","0405","","19790101",""
"1244","Zwammerdam","0484","","19640201",""
"0641","Zwartewaal","0501","","19800101",""
"1896","Zwartewaterland","","20010101","",""
"0192","Zwartsluis","1896","","20010101",""
"0138","Zweeloo","0109","","19980101",""
"0642","Zwijndrecht","","","",""
"0193","Zwolle","","","",""
"1245","Zwollerkerspel","0193","","19670801",""